Ujjwal,Aakash,rty5,punr,tyug,yukjhgffttgf,657898765,6785
yhyhyhyh,4567rety,tyuirr,4567rtfygfg,dfghjtr,rtygfgd,456787654,5674356
ujjwal,aakas,adsfg,dfgh,sdfg,sdfg,dsfgh,xcv
ujjjas,ertreree,dfgfdfgfdfdf,cvcvcvcv,xcxzxx,retyu546rty,0987654333,78787
ujj,dsfg,sdfg,sdfg,dfg,dsfgh,dsfg,sdfg
sdfg,dsfgh,dsfgh,dfghdsfgh,dfgh,dfgh,dfg,dsfgh
rtyu,dfghj,cxvbn,sdfgh,erty,sfdghj,cvbn,dsfghj
qwert,yui,jkl,iop,nbm,,xzc,dfgh,fghj
sdfg,asdfg,sdfgh,sdfg,sdfgh,sdfg,sdfgh,sdfg
sadfgh,sdfghsa,dfgs,dfghsadf,gfsdfgh,sfghfdsf,dsdfghfd,sdfgh
werty,sdfg,sadfgh,dfgsdfg,dfg,dfgsdf,dfgs,sdfghs
sdf,sadf,sdfg,sd,sd,sd,sd,sd
er,er,er,er,er,er,er,er
er,er,er,er,er,er,er,er
df,df,df,df,df,df,df,df
cv,cv,cv,cv,cv,cv,cv,cv
we,we,we,we,we,we,we,we
rt,rt,rt,rt,rt,rt,rt,rt
fg,fg,fg,fg,fg,fg,fg,fg
we,we,we,we,we,we,we,we
fgfg,fg,fg,fg,fg,fg,fg,fg
cv,cv,cvdf,df,df,cv,df,sd
er,er,er,er,er,er,er,er
er,er,er,er,er,er,er,er
er,er,er,er,er,er,er,er
df,df,df,df,df,df,df,df
fg,fg,fg,fg,fg,fg,fg,fg
er,er,er,er,er,er,er,er
df,df,df,df,df,df,df,df
